Date,Value,Category_Alcohol Accidents,Category_Escape Accidents,AccidentType_injured and killed,AccidentType_subtotal
2000-12,515.0,0,0,1,0
2000-11,578.0,0,0,1,0
2000-10,615.0,0,0,1,0
2000-09,675.0,0,0,1,0
2000-08,647.0,0,0,1,0
2000-07,744.0,0,0,1,0
2000-06,685.0,0,0,1,0
2000-05,675.0,0,0,1,0
2000-04,557.0,0,0,1,0
2000-03,509.0,0,0,1,0
2000-02,419.0,0,0,1,0
2000-01,434.0,0,0,1,0
2001-12,507.0,0,0,1,0
2001-11,568.0,0,0,1,0
2001-10,717.0,0,0,1,0
2001-09,643.0,0,0,1,0
2001-08,600.0,0,0,1,0
2001-07,921.0,0,0,1,0
2001-06,679.0,0,0,1,0
2001-05,817.0,0,0,1,0
2001-04,578.0,0,0,1,0
2001-03,535.0,0,0,1,0
2001-02,439.0,0,0,1,0
2001-01,448.0,0,0,1,0
2002-12,394.0,0,0,1,0
2002-11,563.0,0,0,1,0
2002-10,630.0,0,0,1,0
2002-09,621.0,0,0,1,0
2002-08,601.0,0,0,1,0
2002-07,865.0,0,0,1,0
2002-06,833.0,0,0,1,0
2002-05,654.0,0,0,1,0
2002-04,521.0,0,0,1,0
2002-03,520.0,0,0,1,0
2002-02,393.0,0,0,1,0
2002-01,431.0,0,0,1,0
2003-12,493.0,0,0,1,0
2003-11,464.0,0,0,1,0
2003-10,595.0,0,0,1,0
2003-09,560.0,0,0,1,0
2003-08,577.0,0,0,1,0
2003-07,644.0,0,0,1,0
2003-06,723.0,0,0,1,0
2003-05,632.0,0,0,1,0
2003-04,535.0,0,0,1,0
2003-03,476.0,0,0,1,0
2003-02,308.0,0,0,1,0
2003-01,358.0,0,0,1,0
2004-12,416.0,0,0,1,0
2004-11,439.0,0,0,1,0
2004-10,561.0,0,0,1,0
2004-09,659.0,0,0,1,0
2004-08,584.0,0,0,1,0
2004-07,811.0,0,0,1,0
2004-06,598.0,0,0,1,0
2004-05,600.0,0,0,1,0
2004-04,461.0,0,0,1,0
2004-03,403.0,0,0,1,0
2004-02,310.0,0,0,1,0
2004-01,377.0,0,0,1,0
2005-12,460.0,0,0,1,0
2005-11,458.0,0,0,1,0
2005-10,568.0,0,0,1,0
2005-09,825.0,0,0,1,0
2005-08,582.0,0,0,1,0
2005-07,675.0,0,0,1,0
2005-06,729.0,0,0,1,0
2005-05,618.0,0,0,1,0
2005-04,514.0,0,0,1,0
2005-03,385.0,0,0,1,0
2005-02,282.0,0,0,1,0
2005-01,306.0,0,0,1,0
2006-12,466.0,0,0,1,0
2006-11,468.0,0,0,1,0
2006-10,632.0,0,0,1,0
2006-09,490.0,0,0,1,0
2006-08,513.0,0,0,1,0
2006-07,787.0,0,0,1,0
2006-06,479.0,0,0,1,0
2006-05,564.0,0,0,1,0
2006-04,387.0,0,0,1,0
2006-03,375.0,0,0,1,0
2006-02,279.0,0,0,1,0
2006-01,364.0,0,0,1,0
2007-12,414.0,0,0,1,0
2007-11,405.0,0,0,1,0
2007-10,491.0,0,0,1,0
2007-09,462.0,0,0,1,0
2007-08,422.0,0,0,1,0
2007-07,511.0,0,0,1,0
2007-06,535.0,0,0,1,0
2007-05,591.0,0,0,1,0
2007-04,500.0,0,0,1,0
2007-03,347.0,0,0,1,0
2007-02,277.0,0,0,1,0
2007-01,268.0,0,0,1,0
2008-12,272.0,0,0,1,0
2008-11,321.0,0,0,1,0
2008-10,455.0,0,0,1,0
2008-09,422.0,0,0,1,0
2008-08,480.0,0,0,1,0
2008-07,538.0,0,0,1,0
2008-06,473.0,0,0,1,0
2008-05,534.0,0,0,1,0
2008-04,355.0,0,0,1,0
2008-03,254.0,0,0,1,0
2008-02,340.0,0,0,1,0
2008-01,307.0,0,0,1,0
2009-12,391.0,0,0,1,0
2009-11,366.0,0,0,1,0
2009-10,432.0,0,0,1,0
2009-09,452.0,0,0,1,0
2009-08,466.0,0,0,1,0
2009-07,556.0,0,0,1,0
2009-06,443.0,0,0,1,0
2009-05,535.0,0,0,1,0
2009-04,416.0,0,0,1,0
2009-03,245.0,0,0,1,0
2009-02,340.0,0,0,1,0
2009-01,223.0,0,0,1,0
2010-12,277.0,0,0,1,0
2010-11,383.0,0,0,1,0
2010-10,524.0,0,0,1,0
2010-09,534.0,0,0,1,0
2010-08,481.0,0,0,1,0
2010-07,721.0,0,0,1,0
2010-06,517.0,0,0,1,0
2010-05,389.0,0,0,1,0
2010-04,216.0,0,0,1,0
2010-03,341.0,0,0,1,0
2010-02,247.0,0,0,1,0
2010-01,192.0,0,0,1,0
2011-12,370.0,0,0,1,0
2011-11,438.0,0,0,1,0
2011-10,481.0,0,0,1,0
2011-09,519.0,0,0,1,0
2011-08,487.0,0,0,1,0
2011-07,637.0,0,0,1,0
2011-06,472.0,0,0,1,0
2011-05,765.0,0,0,1,0
2011-04,604.0,0,0,1,0
2011-03,425.0,0,0,1,0
2011-02,343.0,0,0,1,0
2011-01,328.0,0,0,1,0
2012-12,317.0,0,0,1,0
2012-11,471.0,0,0,1,0
2012-10,580.0,0,0,1,0
2012-09,632.0,0,0,1,0
2012-08,635.0,0,0,1,0
2012-07,730.0,0,0,1,0
2012-06,681.0,0,0,1,0
2012-05,719.0,0,0,1,0
2012-04,485.0,0,0,1,0
2012-03,526.0,0,0,1,0
2012-02,290.0,0,0,1,0
2012-01,338.0,0,0,1,0
2013-12,423.0,0,0,1,0
2013-11,483.0,0,0,1,0
2013-10,595.0,0,0,1,0
2013-09,617.0,0,0,1,0
2013-08,645.0,0,0,1,0
2013-07,976.0,0,0,1,0
2013-06,734.0,0,0,1,0
2013-05,530.0,0,0,1,0
2013-04,523.0,0,0,1,0
2013-03,350.0,0,0,1,0
2013-02,326.0,0,0,1,0
2013-01,320.0,0,0,1,0
2014-12,413.0,0,0,1,0
2014-11,464.0,0,0,1,0
2014-10,652.0,0,0,1,0
2014-09,620.0,0,0,1,0
2014-08,517.0,0,0,1,0
2014-07,783.0,0,0,1,0
2014-06,656.0,0,0,1,0
2014-05,671.0,0,0,1,0
2014-04,549.0,0,0,1,0
2014-03,559.0,0,0,1,0
2014-02,372.0,0,0,1,0
2014-01,412.0,0,0,1,0
2015-12,479.0,0,0,1,0
2015-11,506.0,0,0,1,0
2015-10,569.0,0,0,1,0
2015-09,614.0,0,0,1,0
2015-08,546.0,0,0,1,0
2015-07,809.0,0,0,1,0
2015-06,673.0,0,0,1,0
2015-05,604.0,0,0,1,0
2015-04,598.0,0,0,1,0
2015-03,471.0,0,0,1,0
2015-02,321.0,0,0,1,0
2015-01,334.0,0,0,1,0
2016-12,381.0,0,0,1,0
2016-11,489.0,0,0,1,0
2016-10,559.0,0,0,1,0
2016-09,759.0,0,0,1,0
2016-08,540.0,0,0,1,0
2016-07,742.0,0,0,1,0
2016-06,691.0,0,0,1,0
2016-05,602.0,0,0,1,0
2016-04,545.0,0,0,1,0
2016-03,370.0,0,0,1,0
2016-02,351.0,0,0,1,0
2016-01,380.0,0,0,1,0
2017-12,376.0,0,0,1,0
2017-11,443.0,0,0,1,0
2017-10,572.0,0,0,1,0
2017-09,546.0,0,0,1,0
2017-08,504.0,0,0,1,0
2017-07,752.0,0,0,1,0
2017-06,668.0,0,0,1,0
2017-05,631.0,0,0,1,0
2017-04,439.0,0,0,1,0
2017-03,486.0,0,0,1,0
2017-02,334.0,0,0,1,0
2017-01,307.0,0,0,1,0
2018-12,348.0,0,0,1,0
2018-11,485.0,0,0,1,0
2018-10,616.0,0,0,1,0
2018-09,645.0,0,0,1,0
2018-08,529.0,0,0,1,0
2018-07,852.0,0,0,1,0
2018-06,732.0,0,0,1,0
2018-05,640.0,0,0,1,0
2018-04,619.0,0,0,1,0
2018-03,383.0,0,0,1,0
2018-02,328.0,0,0,1,0
2018-01,350.0,0,0,1,0
2019-12,378.0,0,0,1,0
2019-11,453.0,0,0,1,0
2019-10,591.0,0,0,1,0
2019-09,609.0,0,0,1,0
2019-08,532.0,0,0,1,0
2019-07,898.0,0,0,1,0
2019-06,710.0,0,0,1,0
2019-05,484.0,0,0,1,0
2019-04,515.0,0,0,1,0
2019-03,427.0,0,0,1,0
2019-02,345.0,0,0,1,0
2019-01,297.0,0,0,1,0
2020-12,311.0,0,0,1,0
2020-11,348.0,0,0,1,0
2020-10,566.0,0,0,1,0
2020-09,634.0,0,0,1,0
2020-08,563.0,0,0,1,0
2020-07,821.0,0,0,1,0
2020-06,585.0,0,0,1,0
2020-05,464.0,0,0,1,0
2020-04,363.0,0,0,1,0
2020-03,334.0,0,0,1,0
2020-02,355.0,0,0,1,0
2020-01,360.0,0,0,1,0
2000-12,403.0,0,0,0,0
2000-11,461.0,0,0,0,0
2000-10,493.0,0,0,0,0
2000-09,557.0,0,0,0,0
2000-08,525.0,0,0,0,0
2000-07,610.0,0,0,0,0
2000-06,555.0,0,0,0,0
2000-05,568.0,0,0,0,0
2000-04,441.0,0,0,0,0
2000-03,414.0,0,0,0,0
2000-02,329.0,0,0,0,0
2000-01,321.0,0,0,0,0
2001-12,377.0,0,0,0,0
2001-11,436.0,0,0,0,0
2001-10,581.0,0,0,0,0
2001-09,497.0,0,0,0,0
2001-08,510.0,0,0,0,0
2001-07,755.0,0,0,0,0
2001-06,560.0,0,0,0,0
2001-05,655.0,0,0,0,0
2001-04,454.0,0,0,0,0
2001-03,426.0,0,0,0,0
2001-02,343.0,0,0,0,0
2001-01,354.0,0,0,0,0
2002-12,304.0,0,0,0,0
2002-11,448.0,0,0,0,0
2002-10,467.0,0,0,0,0
2002-09,509.0,0,0,0,0
2002-08,479.0,0,0,0,0
2002-07,711.0,0,0,0,0
2002-06,675.0,0,0,0,0
2002-05,537.0,0,0,0,0
2002-04,432.0,0,0,0,0
2002-03,414.0,0,0,0,0
2002-02,316.0,0,0,0,0
2002-01,328.0,0,0,0,0
2003-12,383.0,0,0,0,0
2003-11,359.0,0,0,0,0
2003-10,466.0,0,0,0,0
2003-09,452.0,0,0,0,0
2003-08,461.0,0,0,0,0
2003-07,538.0,0,0,0,0
2003-06,566.0,0,0,0,0
2003-05,510.0,0,0,0,0
2003-04,429.0,0,0,0,0
2003-03,374.0,0,0,0,0
2003-02,232.0,0,0,0,0
2003-01,282.0,0,0,0,0
2004-12,416.0,0,0,0,0
2004-11,360.0,0,0,0,0
2004-10,465.0,0,0,0,0
2004-09,541.0,0,0,0,0
2004-08,584.0,0,0,0,0
2004-07,646.0,0,0,0,0
2004-06,491.0,0,0,0,0
2004-05,476.0,0,0,0,0
2004-04,388.0,0,0,0,0
2004-03,321.0,0,0,0,0
2004-02,240.0,0,0,0,0
2004-01,286.0,0,0,0,0
2005-12,487.0,0,0,0,0
2005-11,496.0,0,0,0,0
2005-10,451.0,0,0,0,0
2005-09,678.0,0,0,0,0
2005-08,462.0,0,0,0,0
2005-07,558.0,0,0,0,0
2005-06,627.0,0,0,0,0
2005-05,521.0,0,0,0,0
2005-04,422.0,0,0,0,0
2005-03,299.0,0,0,0,0
2005-02,229.0,0,0,0,0
2005-01,244.0,0,0,0,0
2006-12,386.0,0,0,0,0
2006-11,384.0,0,0,0,0
2006-10,500.0,0,0,0,0
2006-09,407.0,0,0,0,0
2006-08,422.0,0,0,0,0
2006-07,671.0,0,0,0,0
2006-06,406.0,0,0,0,0
2006-05,471.0,0,0,0,0
2006-04,301.0,0,0,0,0
2006-03,275.0,0,0,0,0
2006-02,237.0,0,0,0,0
2006-01,291.0,0,0,0,0
2007-12,333.0,0,0,0,0
2007-11,324.0,0,0,0,0
2007-10,405.0,0,0,0,0
2007-09,385.0,0,0,0,0
2007-08,344.0,0,0,0,0
2007-07,435.0,0,0,0,0
2007-06,444.0,0,0,0,0
2007-05,482.0,0,0,0,0
2007-04,396.0,0,0,0,0
2007-03,293.0,0,0,0,0
2007-02,217.0,0,0,0,0
2007-01,218.0,0,0,0,0
2008-12,230.0,0,0,0,0
2008-11,281.0,0,0,0,0
2008-10,373.0,0,0,0,0
2008-09,360.0,0,0,0,0
2008-08,402.0,0,0,0,0
2008-07,459.0,0,0,0,0
2008-06,424.0,0,0,0,0
2008-05,445.0,0,0,0,0
2008-04,315.0,0,0,0,0
2008-03,210.0,0,0,0,0
2008-02,279.0,0,0,0,0
2008-01,260.0,0,0,0,0
2009-12,312.0,0,0,0,0
2009-11,312.0,0,0,0,0
2009-10,360.0,0,0,0,0
2009-09,388.0,0,0,0,0
2009-08,376.0,0,0,0,0
2009-07,476.0,0,0,0,0
2009-06,371.0,0,0,0,0
2009-05,454.0,0,0,0,0
2009-04,357.0,0,0,0,0
2009-03,202.0,0,0,0,0
2009-02,273.0,0,0,0,0
2009-01,184.0,0,0,0,0
2010-12,223.0,0,0,0,0
2010-11,319.0,0,0,0,0
2010-10,432.0,0,0,0,0
2010-09,456.0,0,0,0,0
2010-08,416.0,0,0,0,0
2010-07,619.0,0,0,0,0
2010-06,440.0,0,0,0,0
2010-05,320.0,0,0,0,0
2010-04,377.0,0,0,0,0
2010-03,291.0,0,0,0,0
2010-02,200.0,0,0,0,0
2010-01,147.0,0,0,0,0
2011-12,315.0,0,0,0,0
2011-11,359.0,0,0,0,0
2011-10,393.0,0,0,0,0
2011-09,441.0,0,0,0,0
2011-08,402.0,0,0,0,0
2011-07,532.0,0,0,0,0
2011-06,399.0,0,0,0,0
2011-05,636.0,0,0,0,0
2011-04,505.0,0,0,0,0
2011-03,373.0,0,0,0,0
2011-02,264.0,0,0,0,0
2011-01,255.0,0,0,0,0
2012-12,248.0,0,0,0,0
2012-11,394.0,0,0,0,0
2012-10,477.0,0,0,0,0
2012-09,532.0,0,0,0,0
2012-08,545.0,0,0,0,0
2012-07,632.0,0,0,0,0
2012-06,577.0,0,0,0,0
2012-05,596.0,0,0,0,0
2012-04,394.0,0,0,0,0
2012-03,424.0,0,0,0,0
2012-02,233.0,0,0,0,0
2012-01,273.0,0,0,0,0
2013-12,356.0,0,0,0,0
2013-11,388.0,0,0,0,0
2013-10,510.0,0,0,0,0
2013-09,531.0,0,0,0,0
2013-08,514.0,0,0,0,0
2013-07,812.0,0,0,0,0
2013-06,580.0,0,0,0,0
2013-05,454.0,0,0,0,0
2013-04,440.0,0,0,0,0
2013-03,284.0,0,0,0,0
2013-02,263.0,0,0,0,0
2013-01,254.0,0,0,0,0
2014-12,331.0,0,0,0,0
2014-11,401.0,0,0,0,0
2014-10,529.0,0,0,0,0
2014-09,534.0,0,0,0,0
2014-08,432.0,0,0,0,0
2014-07,654.0,0,0,0,0
2014-06,558.0,0,0,0,0
2014-05,536.0,0,0,0,0
2014-04,455.0,0,0,0,0
2014-03,460.0,0,0,0,0
2014-02,309.0,0,0,0,0
2014-01,324.0,0,0,0,0
2015-12,384.0,0,0,0,0
2015-11,430.0,0,0,0,0
2015-10,475.0,0,0,0,0
2015-09,509.0,0,0,0,0
2015-08,481.0,0,0,0,0
2015-07,708.0,0,0,0,0
2015-06,560.0,0,0,0,0
2015-05,487.0,0,0,0,0
2015-04,495.0,0,0,0,0
2015-03,376.0,0,0,0,0
2015-02,262.0,0,0,0,0
2015-01,263.0,0,0,0,0
2016-12,317.0,0,0,0,0
2016-11,402.0,0,0,0,0
2016-10,448.0,0,0,0,0
2016-09,627.0,0,0,0,0
2016-08,469.0,0,0,0,0
2016-07,623.0,0,0,0,0
2016-06,592.0,0,0,0,0
2016-05,502.0,0,0,0,0
2016-04,447.0,0,0,0,0
2016-03,299.0,0,0,0,0
2016-02,305.0,0,0,0,0
2016-01,298.0,0,0,0,0
2017-12,307.0,0,0,0,0
2017-11,373.0,0,0,0,0
2017-10,490.0,0,0,0,0
2017-09,430.0,0,0,0,0
2017-08,447.0,0,0,0,0
2017-07,611.0,0,0,0,0
2017-06,568.0,0,0,0,0
2017-05,545.0,0,0,0,0
2017-04,365.0,0,0,0,0
2017-03,407.0,0,0,0,0
2017-02,277.0,0,0,0,0
2017-01,242.0,0,0,0,0
2018-12,282.0,0,0,0,0
2018-11,407.0,0,0,0,0
2018-10,529.0,0,0,0,0
2018-09,528.0,0,0,0,0
2018-08,456.0,0,0,0,0
2018-07,714.0,0,0,0,0
2018-06,622.0,0,0,0,0
2018-05,528.0,0,0,0,0
2018-04,519.0,0,0,0,0
2018-03,331.0,0,0,0,0
2018-02,265.0,0,0,0,0
2018-01,290.0,0,0,0,0
2019-12,326.0,0,0,0,0
2019-11,383.0,0,0,0,0
2019-10,500.0,0,0,0,0
2019-09,533.0,0,0,0,0
2019-08,451.0,0,0,0,0
2019-07,762.0,0,0,0,0
2019-06,615.0,0,0,0,0
2019-05,416.0,0,0,0,0
2019-04,426.0,0,0,0,0
2019-03,369.0,0,0,0,0
2019-02,289.0,0,0,0,0
2019-01,243.0,0,0,0,0
2020-12,270.0,0,0,0,0
2020-11,297.0,0,0,0,0
2020-10,489.0,0,0,0,0
2020-09,555.0,0,0,0,0
2020-08,487.0,0,0,0,0
2020-07,717.0,0,0,0,0
2020-06,496.0,0,0,0,0
2020-05,416.0,0,0,0,0
2020-04,314.0,0,0,0,0
2020-03,270.0,0,0,0,0
2020-02,306.0,0,0,0,0
2020-01,301.0,0,0,0,0
2000-12,3789.0,0,0,0,1
2000-11,3931.0,0,0,0,1
2000-10,4117.0,0,0,0,1
2000-09,3807.0,0,0,0,1
2000-08,3387.0,0,0,0,1
2000-07,4282.0,0,0,0,1
2000-06,3329.0,0,0,0,1
2000-05,4123.0,0,0,0,1
2000-04,3317.0,0,0,0,1
2000-03,3783.0,0,0,0,1
2000-02,3181.0,0,0,0,1
2000-01,3448.0,0,0,0,1
2001-12,3989.0,0,0,0,1
2001-11,4022.0,0,0,0,1
2001-10,4250.0,0,0,0,1
2001-09,3939.0,0,0,0,1
2001-08,3351.0,0,0,0,1
2001-07,4288.0,0,0,0,1
2001-06,3715.0,0,0,0,1
2001-05,4128.0,0,0,0,1
2001-04,3565.0,0,0,0,1
2001-03,3970.0,0,0,0,1
2001-02,3148.0,0,0,0,1
2001-01,3348.0,0,0,0,1
2002-12,3023.0,0,0,0,1
2002-11,3529.0,0,0,0,1
2002-10,3859.0,0,0,0,1
2002-09,3436.0,0,0,0,1
2002-08,3007.0,0,0,0,1
2002-07,3960.0,0,0,0,1
2002-06,3586.0,0,0,0,1
2002-05,3731.0,0,0,0,1
2002-04,3142.0,0,0,0,1
2002-03,3380.0,0,0,0,1
2002-02,2892.0,0,0,0,1
2002-01,3063.0,0,0,0,1
2003-12,3527.0,0,0,0,1
2003-11,3325.0,0,0,0,1
2003-10,3631.0,0,0,0,1
2003-09,3393.0,0,0,0,1
2003-08,2837.0,0,0,0,1
2003-07,3321.0,0,0,0,1
2003-06,3139.0,0,0,0,1
2003-05,3255.0,0,0,0,1
2003-04,3106.0,0,0,0,1
2003-03,3060.0,0,0,0,1
2003-02,2968.0,0,0,0,1
2003-01,3073.0,0,0,0,1
2004-12,3792.0,0,0,0,1
2004-11,3449.0,0,0,0,1
2004-10,3716.0,0,0,0,1
2004-09,3663.0,0,0,0,1
2004-08,2926.0,0,0,0,1
2004-07,3760.0,0,0,0,1
2004-06,3229.0,0,0,0,1
2004-05,3378.0,0,0,0,1
2004-04,3183.0,0,0,0,1
2004-03,3271.0,0,0,0,1
2004-02,2728.0,0,0,0,1
2004-01,2969.0,0,0,0,1
2005-12,3549.0,0,0,0,1
2005-11,3205.0,0,0,0,1
2005-10,3503.0,0,0,0,1
2005-09,3921.0,0,0,0,1
2005-08,2965.0,0,0,0,1
2005-07,3631.0,0,0,0,1
2005-06,3499.0,0,0,0,1
2005-05,3321.0,0,0,0,1
2005-04,3320.0,0,0,0,1
2005-03,3560.0,0,0,0,1
2005-02,3461.0,0,0,0,1
2005-01,2788.0,0,0,0,1
2006-12,3419.0,0,0,0,1
2006-11,3073.0,0,0,0,1
2006-10,3286.0,0,0,0,1
2006-09,3233.0,0,0,0,1
2006-08,2993.0,0,0,0,1
2006-07,3611.0,0,0,0,1
2006-06,2853.0,0,0,0,1
2006-05,3032.0,0,0,0,1
2006-04,2874.0,0,0,0,1
2006-03,4165.0,0,0,0,1
2006-02,2901.0,0,0,0,1
2006-01,2893.0,0,0,0,1
2007-12,3184.0,0,0,0,1
2007-11,3444.0,0,0,0,1
2007-10,3695.0,0,0,0,1
2007-09,3414.0,0,0,0,1
2007-08,2943.0,0,0,0,1
2007-07,3622.0,0,0,0,1
2007-06,3225.0,0,0,0,1
2007-05,3529.0,0,0,0,1
2007-04,3292.0,0,0,0,1
2007-03,2836.0,0,0,0,1
2007-02,2643.0,0,0,0,1
2007-01,2735.0,0,0,0,1
2008-12,2888.0,0,0,0,1
2008-11,2983.0,0,0,0,1
2008-10,3683.0,0,0,0,1
2008-09,3271.0,0,0,0,1
2008-08,2870.0,0,0,0,1
2008-07,3500.0,0,0,0,1
2008-06,3374.0,0,0,0,1
2008-05,3428.0,0,0,0,1
2008-04,3339.0,0,0,0,1
2008-03,2910.0,0,0,0,1
2008-02,3171.0,0,0,0,1
2008-01,2945.0,0,0,0,1
2009-12,3202.0,0,0,0,1
2009-11,3294.0,0,0,0,1
2009-10,3567.0,0,0,0,1
2009-09,3252.0,0,0,0,1
2009-08,2749.0,0,0,0,1
2009-07,3622.0,0,0,0,1
2009-06,2876.0,0,0,0,1
2009-05,3240.0,0,0,0,1
2009-04,2953.0,0,0,0,1
2009-03,2744.0,0,0,0,1
2009-02,3480.0,0,0,0,1
2009-01,2482.0,0,0,0,1
2010-12,3413.0,0,0,0,1
2010-11,3329.0,0,0,0,1
2010-10,3500.0,0,0,0,1
2010-09,3524.0,0,0,0,1
2010-08,2843.0,0,0,0,1
2010-07,3712.0,0,0,0,1
2010-06,3193.0,0,0,0,1
2010-05,2974.0,0,0,0,1
2010-04,3202.0,0,0,0,1
2010-03,3309.0,0,0,0,1
2010-02,2539.0,0,0,0,1
2010-01,2346.0,0,0,0,1
2011-12,3506.0,0,0,0,1
2011-11,3567.0,0,0,0,1
2011-10,3830.0,0,0,0,1
2011-09,3730.0,0,0,0,1
2011-08,3322.0,0,0,0,1
2011-07,4074.0,0,0,0,1
2011-06,3212.0,0,0,0,1
2011-05,4143.0,0,0,0,1
2011-04,3529.0,0,0,0,1
2011-03,3523.0,0,0,0,1
2011-02,2903.0,0,0,0,1
2011-01,2775.0,0,0,0,1
2012-12,3395.0,0,0,0,1
2012-11,3839.0,0,0,0,1
2012-10,4146.0,0,0,0,1
2012-09,3962.0,0,0,0,1
2012-08,3452.0,0,0,0,1
2012-07,4281.0,0,0,0,1
2012-06,4018.0,0,0,0,1
2012-05,4114.0,0,0,0,1
2012-04,3667.0,0,0,0,1
2012-03,3739.0,0,0,0,1
2012-02,3102.0,0,0,0,1
2012-01,3176.0,0,0,0,1
2013-12,3764.0,0,0,0,1
2013-11,4043.0,0,0,0,1
2013-10,4533.0,0,0,0,1
2013-09,4130.0,0,0,0,1
2013-08,3387.0,0,0,0,1
2013-07,4641.0,0,0,0,1
2013-06,4284.0,0,0,0,1
2013-05,3703.0,0,0,0,1
2013-04,4008.0,0,0,0,1
2013-03,3712.0,0,0,0,1
2013-02,3467.0,0,0,0,1
2013-01,3316.0,0,0,0,1
2014-12,3919.0,0,0,0,1
2014-11,3904.0,0,0,0,1
2014-10,4251.0,0,0,0,1
2014-09,4137.0,0,0,0,1
2014-08,3379.0,0,0,0,1
2014-07,4443.0,0,0,0,1
2014-06,3833.0,0,0,0,1
2014-05,4346.0,0,0,0,1
2014-04,3840.0,0,0,0,1
2014-03,4027.0,0,0,0,1
2014-02,3315.0,0,0,0,1
2014-01,3410.0,0,0,0,1
2015-12,3862.0,0,0,0,1
2015-11,3992.0,0,0,0,1
2015-10,4467.0,0,0,0,1
2015-09,4015.0,0,0,0,1
2015-08,3431.0,0,0,0,1
2015-07,4729.0,0,0,0,1
2015-06,3898.0,0,0,0,1
2015-05,3915.0,0,0,0,1
2015-04,4022.0,0,0,0,1
2015-03,3888.0,0,0,0,1
2015-02,3090.0,0,0,0,1
2015-01,3326.0,0,0,0,1
2016-12,3700.0,0,0,0,1
2016-11,3998.0,0,0,0,1
2016-10,4297.0,0,0,0,1
2016-09,4289.0,0,0,0,1
2016-08,3400.0,0,0,0,1
2016-07,4478.0,0,0,0,1
2016-06,4260.0,0,0,0,1
2016-05,3833.0,0,0,0,1
2016-04,4209.0,0,0,0,1
2016-03,3653.0,0,0,0,1
2016-02,3383.0,0,0,0,1
2016-01,3297.0,0,0,0,1
2017-12,3494.0,0,0,0,1
2017-11,3809.0,0,0,0,1
2017-10,4198.0,0,0,0,1
2017-09,4017.0,0,0,0,1
2017-08,3267.0,0,0,0,1
2017-07,4355.0,0,0,0,1
2017-06,3818.0,0,0,0,1
2017-05,4314.0,0,0,0,1
2017-04,3533.0,0,0,0,1
2017-03,4106.0,0,0,0,1
2017-02,3223.0,0,0,0,1
2017-01,3320.0,0,0,0,1
2018-12,3550.0,0,0,0,1
2018-11,4027.0,0,0,0,1
2018-10,4468.0,0,0,0,1
2018-09,4124.0,0,0,0,1
2018-08,3206.0,0,0,0,1
2018-07,4547.0,0,0,0,1
2018-06,4284.0,0,0,0,1
2018-05,3953.0,0,0,0,1
2018-04,4016.0,0,0,0,1
2018-03,3796.0,0,0,0,1
2018-02,3109.0,0,0,0,1
2018-01,3328.0,0,0,0,1
2019-12,3462.0,0,0,0,1
2019-11,3805.0,0,0,0,1
2019-10,4348.0,0,0,0,1
2019-09,4042.0,0,0,0,1
2019-08,3214.0,0,0,0,1
2019-07,4763.0,0,0,0,1
2019-06,3727.0,0,0,0,1
2019-05,4046.0,0,0,0,1
2019-04,3781.0,0,0,0,1
2019-03,3940.0,0,0,0,1
2019-02,3442.0,0,0,0,1
2019-01,3440.0,0,0,0,1
2020-12,2661.0,0,0,0,1
2020-11,3150.0,0,0,0,1
2020-10,3867.0,0,0,0,1
2020-09,3659.0,0,0,0,1
2020-08,3007.0,0,0,0,1
2020-07,4031.0,0,0,0,1
2020-06,3380.0,0,0,0,1
2020-05,3193.0,0,0,0,1
2020-04,2251.0,0,0,0,1
2020-03,2825.0,0,0,0,1
2020-02,3271.0,0,0,0,1
2020-01,3139.0,0,0,0,1
2000-12,45.0,0,1,1,0
2000-11,56.0,0,1,1,0
2000-10,47.0,0,1,1,0
2000-09,68.0,0,1,1,0
2000-08,74.0,0,1,1,0
2000-07,67.0,0,1,1,0
2000-06,58.0,0,1,1,0
2000-05,69.0,0,1,1,0
2000-04,57.0,0,1,1,0
2000-03,48.0,0,1,1,0
2000-02,35.0,0,1,1,0
2000-01,34.0,0,1,1,0
2001-12,39.0,0,1,1,0
2001-11,32.0,0,1,1,0
2001-10,85.0,0,1,1,0
2001-09,40.0,0,1,1,0
2001-08,57.0,0,1,1,0
2001-07,83.0,0,1,1,0
2001-06,78.0,0,1,1,0
2001-05,67.0,0,1,1,0
2001-04,68.0,0,1,1,0
2001-03,43.0,0,1,1,0
2001-02,51.0,0,1,1,0
2001-01,44.0,0,1,1,0
2002-12,38.0,0,1,1,0
2002-11,50.0,0,1,1,0
2002-10,49.0,0,1,1,0
2002-09,77.0,0,1,1,0
2002-08,50.0,0,1,1,0
2002-07,72.0,0,1,1,0
2002-06,74.0,0,1,1,0
2002-05,73.0,0,1,1,0
2002-04,37.0,0,1,1,0
2002-03,39.0,0,1,1,0
2002-02,33.0,0,1,1,0
2002-01,36.0,0,1,1,0
2003-12,78.0,0,1,1,0
2003-11,59.0,0,1,1,0
2003-10,47.0,0,1,1,0
2003-09,50.0,0,1,1,0
2003-08,41.0,0,1,1,0
2003-07,35.0,0,1,1,0
2003-06,81.0,0,1,1,0
2003-05,56.0,0,1,1,0
2003-04,30.0,0,1,1,0
2003-03,44.0,0,1,1,0
2003-02,20.0,0,1,1,0
2003-01,21.0,0,1,1,0
2004-12,45.0,0,1,1,0
2004-11,46.0,0,1,1,0
2004-10,40.0,0,1,1,0
2004-09,63.0,0,1,1,0
2004-08,48.0,0,1,1,0
2004-07,83.0,0,1,1,0
2004-06,53.0,0,1,1,0
2004-05,41.0,0,1,1,0
2004-04,39.0,0,1,1,0
2004-03,20.0,0,1,1,0
2004-02,31.0,0,1,1,0
2004-01,33.0,0,1,1,0
2005-12,32.0,0,1,1,0
2005-11,27.0,0,1,1,0
2005-10,54.0,0,1,1,0
2005-09,81.0,0,1,1,0
2005-08,37.0,0,1,1,0
2005-07,65.0,0,1,1,0
2005-06,53.0,0,1,1,0
2005-05,52.0,0,1,1,0
2005-04,45.0,0,1,1,0
2005-03,33.0,0,1,1,0
2005-02,22.0,0,1,1,0
2005-01,24.0,0,1,1,0
2006-12,44.0,0,1,1,0
2006-11,38.0,0,1,1,0
2006-10,43.0,0,1,1,0
2006-09,66.0,0,1,1,0
2006-08,40.0,0,1,1,0
2006-07,78.0,0,1,1,0
2006-06,40.0,0,1,1,0
2006-05,33.0,0,1,1,0
2006-04,25.0,0,1,1,0
2006-03,34.0,0,1,1,0
2006-02,33.0,0,1,1,0
2006-01,31.0,0,1,1,0
2007-12,29.0,0,1,1,0
2007-11,46.0,0,1,1,0
2007-10,49.0,0,1,1,0
2007-09,41.0,0,1,1,0
2007-08,39.0,0,1,1,0
2007-07,59.0,0,1,1,0
2007-06,50.0,0,1,1,0
2007-05,48.0,0,1,1,0
2007-04,43.0,0,1,1,0
2007-03,20.0,0,1,1,0
2007-02,33.0,0,1,1,0
2007-01,19.0,0,1,1,0
2008-12,27.0,0,1,1,0
2008-11,27.0,0,1,1,0
2008-10,46.0,0,1,1,0
2008-09,48.0,0,1,1,0
2008-08,55.0,0,1,1,0
2008-07,48.0,0,1,1,0
2008-06,59.0,0,1,1,0
2008-05,57.0,0,1,1,0
2008-04,41.0,0,1,1,0
2008-03,25.0,0,1,1,0
2008-02,29.0,0,1,1,0
2008-01,27.0,0,1,1,0
2009-12,37.0,0,1,1,0
2009-11,34.0,0,1,1,0
2009-10,47.0,0,1,1,0
2009-09,37.0,0,1,1,0
2009-08,40.0,0,1,1,0
2009-07,61.0,0,1,1,0
2009-06,34.0,0,1,1,0
2009-05,49.0,0,1,1,0
2009-04,43.0,0,1,1,0
2009-03,20.0,0,1,1,0
2009-02,35.0,0,1,1,0
2009-01,22.0,0,1,1,0
2010-12,23.0,0,1,1,0
2010-11,33.0,0,1,1,0
2010-10,49.0,0,1,1,0
2010-09,42.0,0,1,1,0
2010-08,48.0,0,1,1,0
2010-07,65.0,0,1,1,0
2010-06,57.0,0,1,1,0
2010-05,31.0,0,1,1,0
2010-04,41.0,0,1,1,0
2010-03,29.0,0,1,1,0
2010-02,21.0,0,1,1,0
2010-01,17.0,0,1,1,0
2011-12,30.0,0,1,1,0
2011-11,33.0,0,1,1,0
2011-10,36.0,0,1,1,0
2011-09,52.0,0,1,1,0
2011-08,35.0,0,1,1,0
2011-07,56.0,0,1,1,0
2011-06,49.0,0,1,1,0
2011-05,68.0,0,1,1,0
2011-04,55.0,0,1,1,0
2011-03,32.0,0,1,1,0
2011-02,26.0,0,1,1,0
2011-01,26.0,0,1,1,0
2012-12,23.0,0,1,1,0
2012-11,49.0,0,1,1,0
2012-10,61.0,0,1,1,0
2012-09,61.0,0,1,1,0
2012-08,64.0,0,1,1,0
2012-07,64.0,0,1,1,0
2012-06,61.0,0,1,1,0
2012-05,64.0,0,1,1,0
2012-04,37.0,0,1,1,0
2012-03,44.0,0,1,1,0
2012-02,20.0,0,1,1,0
2012-01,32.0,0,1,1,0
2013-12,27.0,0,1,1,0
2013-11,53.0,0,1,1,0
2013-10,53.0,0,1,1,0
2013-09,53.0,0,1,1,0
2013-08,36.0,0,1,1,0
2013-07,68.0,0,1,1,0
2013-06,54.0,0,1,1,0
2013-05,43.0,0,1,1,0
2013-04,50.0,0,1,1,0
2013-03,33.0,0,1,1,0
2013-02,22.0,0,1,1,0
2013-01,29.0,0,1,1,0
2014-12,35.0,0,1,1,0
2014-11,42.0,0,1,1,0
2014-10,55.0,0,1,1,0
2014-09,60.0,0,1,1,0
2014-08,43.0,0,1,1,0
2014-07,62.0,0,1,1,0
2014-06,58.0,0,1,1,0
2014-05,50.0,0,1,1,0
2014-04,55.0,0,1,1,0
2014-03,46.0,0,1,1,0
2014-02,22.0,0,1,1,0
2014-01,29.0,0,1,1,0
2015-12,38.0,0,1,1,0
2015-11,43.0,0,1,1,0
2015-10,52.0,0,1,1,0
2015-09,49.0,0,1,1,0
2015-08,36.0,0,1,1,0
2015-07,65.0,0,1,1,0
2015-06,54.0,0,1,1,0
2015-05,41.0,0,1,1,0
2015-04,45.0,0,1,1,0
2015-03,49.0,0,1,1,0
2015-02,18.0,0,1,1,0
2015-01,19.0,0,1,1,0
2016-12,35.0,0,1,1,0
2016-11,32.0,0,1,1,0
2016-10,44.0,0,1,1,0
2016-09,70.0,0,1,1,0
2016-08,70.0,0,1,1,0
2016-07,61.0,0,1,1,0
2016-06,54.0,0,1,1,0
2016-05,44.0,0,1,1,0
2016-04,42.0,0,1,1,0
2016-03,41.0,0,1,1,0
2016-02,24.0,0,1,1,0
2016-01,31.0,0,1,1,0
2017-12,33.0,0,1,1,0
2017-11,48.0,0,1,1,0
2017-10,59.0,0,1,1,0
2017-09,59.0,0,1,1,0
2017-08,38.0,0,1,1,0
2017-07,65.0,0,1,1,0
2017-06,54.0,0,1,1,0
2017-05,60.0,0,1,1,0
2017-04,36.0,0,1,1,0
2017-03,36.0,0,1,1,0
2017-02,41.0,0,1,1,0
2017-01,22.0,0,1,1,0
2018-12,37.0,0,1,1,0
2018-11,37.0,0,1,1,0
2018-10,60.0,0,1,1,0
2018-09,59.0,0,1,1,0
2018-08,39.0,0,1,1,0
2018-07,72.0,0,1,1,0
2018-06,49.0,0,1,1,0
2018-05,43.0,0,1,1,0
2018-04,44.0,0,1,1,0
2018-03,35.0,0,1,1,0
2018-02,40.0,0,1,1,0
2018-01,40.0,0,1,1,0
2019-12,43.0,0,1,1,0
2019-11,41.0,0,1,1,0
2019-10,45.0,0,1,1,0
2019-09,55.0,0,1,1,0
2019-08,37.0,0,1,1,0
2019-07,81.0,0,1,1,0
2019-06,61.0,0,1,1,0
2019-05,41.0,0,1,1,0
2019-04,35.0,0,1,1,0
2019-03,44.0,0,1,1,0
2019-02,26.0,0,1,1,0
2019-01,32.0,0,1,1,0
2020-12,33.0,0,1,1,0
2020-11,27.0,0,1,1,0
2020-10,50.0,0,1,1,0
2020-09,49.0,0,1,1,0
2020-08,36.0,0,1,1,0
2020-07,58.0,0,1,1,0
2020-06,49.0,0,1,1,0
2020-05,34.0,0,1,1,0
2020-04,34.0,0,1,1,0
2020-03,33.0,0,1,1,0
2020-02,34.0,0,1,1,0
2020-01,28.0,0,1,1,0
2000-12,950.0,0,1,0,1
2000-11,1017.0,0,1,0,1
2000-10,1078.0,0,1,0,1
2000-09,978.0,0,1,0,1
2000-08,881.0,0,1,0,1
2000-07,1102.0,0,1,0,1
2000-06,842.0,0,1,0,1
2000-05,1086.0,0,1,0,1
2000-04,834.0,0,1,0,1
2000-03,974.0,0,1,0,1
2000-02,890.0,0,1,0,1
2000-01,835.0,0,1,0,1
2001-12,941.0,0,1,0,1
2001-11,1001.0,0,1,0,1
2001-10,1104.0,0,1,0,1
2001-09,953.0,0,1,0,1
2001-08,814.0,0,1,0,1
2001-07,1047.0,0,1,0,1
2001-06,905.0,0,1,0,1
2001-05,1081.0,0,1,0,1
2001-04,897.0,0,1,0,1
2001-03,962.0,0,1,0,1
2001-02,820.0,0,1,0,1
2001-01,871.0,0,1,0,1
2002-12,706.0,0,1,0,1
2002-11,882.0,0,1,0,1
2002-10,1019.0,0,1,0,1
2002-09,1039.0,0,1,0,1
2002-08,785.0,0,1,0,1
2002-07,1026.0,0,1,0,1
2002-06,987.0,0,1,0,1
2002-05,857.0,0,1,0,1
2002-04,784.0,0,1,0,1
2002-03,897.0,0,1,0,1
2002-02,817.0,0,1,0,1
2002-01,852.0,0,1,0,1
2003-12,858.0,0,1,0,1
2003-11,953.0,0,1,0,1
2003-10,960.0,0,1,0,1
2003-09,945.0,0,1,0,1
2003-08,698.0,0,1,0,1
2003-07,562.0,0,1,0,1
2003-06,855.0,0,1,0,1
2003-05,763.0,0,1,0,1
2003-04,844.0,0,1,0,1
2003-03,854.0,0,1,0,1
2003-02,572.0,0,1,0,1
2003-01,747.0,0,1,0,1
2004-12,942.0,0,1,0,1
2004-11,903.0,0,1,0,1
2004-10,1022.0,0,1,0,1
2004-09,957.0,0,1,0,1
2004-08,784.0,0,1,0,1
2004-07,970.0,0,1,0,1
2004-06,859.0,0,1,0,1
2004-05,867.0,0,1,0,1
2004-04,875.0,0,1,0,1
2004-03,817.0,0,1,0,1
2004-02,723.0,0,1,0,1
2004-01,828.0,0,1,0,1
2005-12,817.0,0,1,0,1
2005-11,845.0,0,1,0,1
2005-10,962.0,0,1,0,1
2005-09,1086.0,0,1,0,1
2005-08,811.0,0,1,0,1
2005-07,951.0,0,1,0,1
2005-06,901.0,0,1,0,1
2005-05,902.0,0,1,0,1
2005-04,937.0,0,1,0,1
2005-03,1115.0,0,1,0,1
2005-02,961.0,0,1,0,1
2005-01,749.0,0,1,0,1
2006-12,864.0,0,1,0,1
2006-11,494.0,0,1,0,1
2006-10,599.0,0,1,0,1
2006-09,718.0,0,1,0,1
2006-08,774.0,0,1,0,1
2006-07,845.0,0,1,0,1
2006-06,565.0,0,1,0,1
2006-05,476.0,0,1,0,1
2006-04,750.0,0,1,0,1
2006-03,1138.0,0,1,0,1
2006-02,698.0,0,1,0,1
2006-01,708.0,0,1,0,1
2007-12,690.0,0,1,0,1
2007-11,868.0,0,1,0,1
2007-10,873.0,0,1,0,1
2007-09,797.0,0,1,0,1
2007-08,759.0,0,1,0,1
2007-07,935.0,0,1,0,1
2007-06,804.0,0,1,0,1
2007-05,858.0,0,1,0,1
2007-04,821.0,0,1,0,1
2007-03,411.0,0,1,0,1
2007-02,612.0,0,1,0,1
2007-01,699.0,0,1,0,1
2008-12,657.0,0,1,0,1
2008-11,625.0,0,1,0,1
2008-10,874.0,0,1,0,1
2008-09,747.0,0,1,0,1
2008-08,760.0,0,1,0,1
2008-07,832.0,0,1,0,1
2008-06,859.0,0,1,0,1
2008-05,871.0,0,1,0,1
2008-04,837.0,0,1,0,1
2008-03,763.0,0,1,0,1
2008-02,793.0,0,1,0,1
2008-01,727.0,0,1,0,1
2009-12,747.0,0,1,0,1
2009-11,835.0,0,1,0,1
2009-10,953.0,0,1,0,1
2009-09,846.0,0,1,0,1
2009-08,752.0,0,1,0,1
2009-07,991.0,0,1,0,1
2009-06,678.0,0,1,0,1
2009-05,768.0,0,1,0,1
2009-04,776.0,0,1,0,1
2009-03,607.0,0,1,0,1
2009-02,802.0,0,1,0,1
2009-01,512.0,0,1,0,1
2010-12,861.0,0,1,0,1
2010-11,827.0,0,1,0,1
2010-10,910.0,0,1,0,1
2010-09,955.0,0,1,0,1
2010-08,794.0,0,1,0,1
2010-07,932.0,0,1,0,1
2010-06,814.0,0,1,0,1
2010-05,743.0,0,1,0,1
2010-04,938.0,0,1,0,1
2010-03,829.0,0,1,0,1
2010-02,683.0,0,1,0,1
2010-01,613.0,0,1,0,1
2011-12,832.0,0,1,0,1
2011-11,842.0,0,1,0,1
2011-10,916.0,0,1,0,1
2011-09,906.0,0,1,0,1
2011-08,790.0,0,1,0,1
2011-07,951.0,0,1,0,1
2011-06,783.0,0,1,0,1
2011-05,1034.0,0,1,0,1
2011-04,835.0,0,1,0,1
2011-03,883.0,0,1,0,1
2011-02,760.0,0,1,0,1
2011-01,726.0,0,1,0,1
2012-12,810.0,0,1,0,1
2012-11,984.0,0,1,0,1
2012-10,1090.0,0,1,0,1
2012-09,921.0,0,1,0,1
2012-08,887.0,0,1,0,1
2012-07,1045.0,0,1,0,1
2012-06,1041.0,0,1,0,1
2012-05,1035.0,0,1,0,1
2012-04,919.0,0,1,0,1
2012-03,946.0,0,1,0,1
2012-02,714.0,0,1,0,1
2012-01,713.0,0,1,0,1
2013-12,828.0,0,1,0,1
2013-11,939.0,0,1,0,1
2013-10,1074.0,0,1,0,1
2013-09,1000.0,0,1,0,1
2013-08,791.0,0,1,0,1
2013-07,1138.0,0,1,0,1
2013-06,1055.0,0,1,0,1
2013-05,848.0,0,1,0,1
2013-04,1038.0,0,1,0,1
2013-03,906.0,0,1,0,1
2013-02,773.0,0,1,0,1
2013-01,796.0,0,1,0,1
2014-12,830.0,0,1,0,1
2014-11,943.0,0,1,0,1
2014-10,1042.0,0,1,0,1
2014-09,936.0,0,1,0,1
2014-08,802.0,0,1,0,1
2014-07,1029.0,0,1,0,1
2014-06,880.0,0,1,0,1
2014-05,925.0,0,1,0,1
2014-04,946.0,0,1,0,1
2014-03,993.0,0,1,0,1
2014-02,742.0,0,1,0,1
2014-01,778.0,0,1,0,1
2015-12,950.0,0,1,0,1
2015-11,991.0,0,1,0,1
2015-10,1110.0,0,1,0,1
2015-09,1007.0,0,1,0,1
2015-08,864.0,0,1,0,1
2015-07,1176.0,0,1,0,1
2015-06,952.0,0,1,0,1
2015-05,940.0,0,1,0,1
2015-04,966.0,0,1,0,1
2015-03,908.0,0,1,0,1
2015-02,713.0,0,1,0,1
2015-01,781.0,0,1,0,1
2016-12,870.0,0,1,0,1
2016-11,960.0,0,1,0,1
2016-10,1022.0,0,1,0,1
2016-09,958.0,0,1,0,1
2016-08,958.0,0,1,0,1
2016-07,1095.0,0,1,0,1
2016-06,1018.0,0,1,0,1
2016-05,850.0,0,1,0,1
2016-04,998.0,0,1,0,1
2016-03,898.0,0,1,0,1
2016-02,775.0,0,1,0,1
2016-01,777.0,0,1,0,1
2017-12,873.0,0,1,0,1
2017-11,925.0,0,1,0,1
2017-10,1052.0,0,1,0,1
2017-09,1009.0,0,1,0,1
2017-08,831.0,0,1,0,1
2017-07,1064.0,0,1,0,1
2017-06,948.0,0,1,0,1
2017-05,1070.0,0,1,0,1
2017-04,895.0,0,1,0,1
2017-03,1060.0,0,1,0,1
2017-02,846.0,0,1,0,1
2017-01,690.0,0,1,0,1
2018-12,900.0,0,1,0,1
2018-11,929.0,0,1,0,1
2018-10,1127.0,0,1,0,1
2018-09,1102.0,0,1,0,1
2018-08,813.0,0,1,0,1
2018-07,1151.0,0,1,0,1
2018-06,1034.0,0,1,0,1
2018-05,994.0,0,1,0,1
2018-04,1010.0,0,1,0,1
2018-03,954.0,0,1,0,1
2018-02,774.0,0,1,0,1
2018-01,860.0,0,1,0,1
2019-12,925.0,0,1,0,1
2019-11,967.0,0,1,0,1
2019-10,1088.0,0,1,0,1
2019-09,996.0,0,1,0,1
2019-08,820.0,0,1,0,1
2019-07,1187.0,0,1,0,1
2019-06,994.0,0,1,0,1
2019-05,1014.0,0,1,0,1
2019-04,967.0,0,1,0,1
2019-03,1005.0,0,1,0,1
2019-02,883.0,0,1,0,1
2019-01,927.0,0,1,0,1
2020-12,694.0,0,1,0,1
2020-11,864.0,0,1,0,1
2020-10,997.0,0,1,0,1
2020-09,948.0,0,1,0,1
2020-08,735.0,0,1,0,1
2020-07,1010.0,0,1,0,1
2020-06,905.0,0,1,0,1
2020-05,859.0,0,1,0,1
2020-04,607.0,0,1,0,1
2020-03,744.0,0,1,0,1
2020-02,870.0,0,1,0,1
2020-01,791.0,0,1,0,1
2000-12,31.0,1,0,1,0
2000-11,24.0,1,0,1,0
2000-10,31.0,1,0,1,0
2000-09,45.0,1,0,1,0
2000-08,32.0,1,0,1,0
2000-07,37.0,1,0,1,0
2000-06,32.0,1,0,1,0
2000-05,44.0,1,0,1,0
2000-04,26.0,1,0,1,0
2000-03,18.0,1,0,1,0
2000-02,19.0,1,0,1,0
2000-01,37.0,1,0,1,0
2001-12,23.0,1,0,1,0
2001-11,25.0,1,0,1,0
2001-10,37.0,1,0,1,0
2001-09,48.0,1,0,1,0
2001-08,21.0,1,0,1,0
2001-07,35.0,1,0,1,0
2001-06,46.0,1,0,1,0
2001-05,32.0,1,0,1,0
2001-04,32.0,1,0,1,0
2001-03,36.0,1,0,1,0
2001-02,20.0,1,0,1,0
2001-01,36.0,1,0,1,0
2002-12,27.0,1,0,1,0
2002-11,10.0,1,0,1,0
2002-10,53.0,1,0,1,0
2002-09,51.0,1,0,1,0
2002-08,29.0,1,0,1,0
2002-07,40.0,1,0,1,0
2002-06,42.0,1,0,1,0
2002-05,32.0,1,0,1,0
2002-04,28.0,1,0,1,0
2002-03,21.0,1,0,1,0
2002-02,22.0,1,0,1,0
2002-01,24.0,1,0,1,0
2003-12,27.0,1,0,1,0
2003-11,31.0,1,0,1,0
2003-10,17.0,1,0,1,0
2003-09,26.0,1,0,1,0
2003-08,40.0,1,0,1,0
2003-07,35.0,1,0,1,0
2003-06,41.0,1,0,1,0
2003-05,26.0,1,0,1,0
2003-04,25.0,1,0,1,0
2003-03,17.0,1,0,1,0
2003-02,16.0,1,0,1,0
2003-01,18.0,1,0,1,0
2004-12,12.0,1,0,1,0
2004-11,20.0,1,0,1,0
2004-10,26.0,1,0,1,0
2004-09,41.0,1,0,1,0
2004-08,47.0,1,0,1,0
2004-07,44.0,1,0,1,0
2004-06,25.0,1,0,1,0
2004-05,30.0,1,0,1,0
2004-04,10.0,1,0,1,0
2004-03,18.0,1,0,1,0
2004-02,21.0,1,0,1,0
2004-01,10.0,1,0,1,0
2005-12,12.0,1,0,1,0
2005-11,14.0,1,0,1,0
2005-10,35.0,1,0,1,0
2005-09,50.0,1,0,1,0
2005-08,33.0,1,0,1,0
2005-07,26.0,1,0,1,0
2005-06,31.0,1,0,1,0
2005-05,21.0,1,0,1,0
2005-04,19.0,1,0,1,0
2005-03,13.0,1,0,1,0
2005-02,14.0,1,0,1,0
2005-01,13.0,1,0,1,0
2006-12,21.0,1,0,1,0
2006-11,22.0,1,0,1,0
2006-10,24.0,1,0,1,0
2006-09,35.0,1,0,1,0
2006-08,25.0,1,0,1,0
2006-07,37.0,1,0,1,0
2006-06,22.0,1,0,1,0
2006-05,28.0,1,0,1,0
2006-04,16.0,1,0,1,0
2006-03,14.0,1,0,1,0
2006-02,21.0,1,0,1,0
2006-01,21.0,1,0,1,0
2007-12,20.0,1,0,1,0
2007-11,26.0,1,0,1,0
2007-10,18.0,1,0,1,0
2007-09,24.0,1,0,1,0
2007-08,20.0,1,0,1,0
2007-07,38.0,1,0,1,0
2007-06,27.0,1,0,1,0
2007-05,39.0,1,0,1,0
2007-04,27.0,1,0,1,0
2007-03,14.0,1,0,1,0
2007-02,15.0,1,0,1,0
2007-01,13.0,1,0,1,0
2008-12,20.0,1,0,1,0
2008-11,14.0,1,0,1,0
2008-10,19.0,1,0,1,0
2008-09,28.0,1,0,1,0
2008-08,23.0,1,0,1,0
2008-07,24.0,1,0,1,0
2008-06,32.0,1,0,1,0
2008-05,37.0,1,0,1,0
2008-04,10.0,1,0,1,0
2008-03,9.0,1,0,1,0
2008-02,16.0,1,0,1,0
2008-01,8.0,1,0,1,0
2009-12,14.0,1,0,1,0
2009-11,5.0,1,0,1,0
2009-10,15.0,1,0,1,0
2009-09,18.0,1,0,1,0
2009-08,26.0,1,0,1,0
2009-07,27.0,1,0,1,0
2009-06,19.0,1,0,1,0
2009-05,34.0,1,0,1,0
2009-04,31.0,1,0,1,0
2009-03,5.0,1,0,1,0
2009-02,12.0,1,0,1,0
2009-01,7.0,1,0,1,0
2010-12,12.0,1,0,1,0
2010-11,7.0,1,0,1,0
2010-10,13.0,1,0,1,0
2010-09,26.0,1,0,1,0
2010-08,25.0,1,0,1,0
2010-07,29.0,1,0,1,0
2010-06,20.0,1,0,1,0
2010-05,15.0,1,0,1,0
2010-04,25.0,1,0,1,0
2010-03,12.0,1,0,1,0
2010-02,10.0,1,0,1,0
2010-01,7.0,1,0,1,0
2011-12,6.0,1,0,1,0
2011-11,16.0,1,0,1,0
2011-10,10.0,1,0,1,0
2011-09,22.0,1,0,1,0
2011-08,17.0,1,0,1,0
2011-07,27.0,1,0,1,0
2011-06,21.0,1,0,1,0
2011-05,20.0,1,0,1,0
2011-04,27.0,1,0,1,0
2011-03,9.0,1,0,1,0
2011-02,7.0,1,0,1,0
2011-01,16.0,1,0,1,0
2012-12,11.0,1,0,1,0
2012-11,10.0,1,0,1,0
2012-10,6.0,1,0,1,0
2012-09,24.0,1,0,1,0
2012-08,31.0,1,0,1,0
2012-07,30.0,1,0,1,0
2012-06,35.0,1,0,1,0
2012-05,33.0,1,0,1,0
2012-04,22.0,1,0,1,0
2012-03,5.0,1,0,1,0
2012-02,5.0,1,0,1,0
2012-01,11.0,1,0,1,0
2013-12,10.0,1,0,1,0
2013-11,12.0,1,0,1,0
2013-10,12.0,1,0,1,0
2013-09,17.0,1,0,1,0
2013-08,22.0,1,0,1,0
2013-07,24.0,1,0,1,0
2013-06,20.0,1,0,1,0
2013-05,21.0,1,0,1,0
2013-04,5.0,1,0,1,0
2013-03,8.0,1,0,1,0
2013-02,0.0,1,0,1,0
2013-01,2.0,1,0,1,0
2014-12,3.0,1,0,1,0
2014-11,14.0,1,0,1,0
2014-10,21.0,1,0,1,0
2014-09,18.0,1,0,1,0
2014-08,13.0,1,0,1,0
2014-07,21.0,1,0,1,0
2014-06,16.0,1,0,1,0
2014-05,19.0,1,0,1,0
2014-04,15.0,1,0,1,0
2014-03,16.0,1,0,1,0
2014-02,7.0,1,0,1,0
2014-01,4.0,1,0,1,0
2015-12,6.0,1,0,1,0
2015-11,11.0,1,0,1,0
2015-10,12.0,1,0,1,0
2015-09,25.0,1,0,1,0
2015-08,29.0,1,0,1,0
2015-07,37.0,1,0,1,0
2015-06,19.0,1,0,1,0
2015-05,30.0,1,0,1,0
2015-04,23.0,1,0,1,0
2015-03,9.0,1,0,1,0
2015-02,3.0,1,0,1,0
2015-01,21.0,1,0,1,0
2016-12,10.0,1,0,1,0
2016-11,7.0,1,0,1,0
2016-10,11.0,1,0,1,0
2016-09,22.0,1,0,1,0
2016-08,12.0,1,0,1,0
2016-07,23.0,1,0,1,0
2016-06,19.0,1,0,1,0
2016-05,17.0,1,0,1,0
2016-04,8.0,1,0,1,0
2016-03,6.0,1,0,1,0
2016-02,3.0,1,0,1,0
2016-01,6.0,1,0,1,0
2017-12,17.0,1,0,1,0
2017-11,13.0,1,0,1,0
2017-10,16.0,1,0,1,0
2017-09,22.0,1,0,1,0
2017-08,14.0,1,0,1,0
2017-07,18.0,1,0,1,0
2017-06,27.0,1,0,1,0
2017-05,16.0,1,0,1,0
2017-04,10.0,1,0,1,0
2017-03,15.0,1,0,1,0
2017-02,4.0,1,0,1,0
2017-01,4.0,1,0,1,0
2018-12,6.0,1,0,1,0
2018-11,13.0,1,0,1,0
2018-10,16.0,1,0,1,0
2018-09,22.0,1,0,1,0
2018-08,18.0,1,0,1,0
2018-07,29.0,1,0,1,0
2018-06,14.0,1,0,1,0
2018-05,23.0,1,0,1,0
2018-04,8.0,1,0,1,0
2018-03,12.0,1,0,1,0
2018-02,13.0,1,0,1,0
2018-01,8.0,1,0,1,0
2019-12,12.0,1,0,1,0
2019-11,19.0,1,0,1,0
2019-10,20.0,1,0,1,0
2019-09,20.0,1,0,1,0
2019-08,23.0,1,0,1,0
2019-07,34.0,1,0,1,0
2019-06,24.0,1,0,1,0
2019-05,21.0,1,0,1,0
2019-04,18.0,1,0,1,0
2019-03,22.0,1,0,1,0
2019-02,7.0,1,0,1,0
2019-01,7.0,1,0,1,0
2020-12,9.0,1,0,1,0
2020-11,11.0,1,0,1,0
2020-10,20.0,1,0,1,0
2020-09,24.0,1,0,1,0
2020-08,29.0,1,0,1,0
2020-07,43.0,1,0,1,0
2020-06,30.0,1,0,1,0
2020-05,26.0,1,0,1,0
2020-04,15.0,1,0,1,0
2020-03,13.0,1,0,1,0
2020-02,19.0,1,0,1,0
2020-01,11.0,1,0,1,0
2000-12,85.0,1,0,0,1
2000-11,71.0,1,0,0,1
2000-10,83.0,1,0,0,1
2000-09,84.0,1,0,0,1
2000-08,77.0,1,0,0,1
2000-07,99.0,1,0,0,1
2000-06,57.0,1,0,0,1
2000-05,96.0,1,0,0,1
2000-04,78.0,1,0,0,1
2000-03,73.0,1,0,0,1
2000-02,53.0,1,0,0,1
2000-01,78.0,1,0,0,1
2001-12,66.0,1,0,0,1
2001-11,68.0,1,0,0,1
2001-10,77.0,1,0,0,1
2001-09,107.0,1,0,0,1
2001-08,60.0,1,0,0,1
2001-07,71.0,1,0,0,1
2001-06,68.0,1,0,0,1
2001-05,85.0,1,0,0,1
2001-04,68.0,1,0,0,1
2001-03,63.0,1,0,0,1
2001-02,49.0,1,0,0,1
2001-01,66.0,1,0,0,1
2002-12,63.0,1,0,0,1
2002-11,44.0,1,0,0,1
2002-10,83.0,1,0,0,1
2002-09,107.0,1,0,0,1
2002-08,71.0,1,0,0,1
2002-07,84.0,1,0,0,1
2002-06,74.0,1,0,0,1
2002-05,58.0,1,0,0,1
2002-04,65.0,1,0,0,1
2002-03,61.0,1,0,0,1
2002-02,49.0,1,0,0,1
2002-01,44.0,1,0,0,1
2003-12,58.0,1,0,0,1
2003-11,44.0,1,0,0,1
2003-10,74.0,1,0,0,1
2003-09,63.0,1,0,0,1
2003-08,66.0,1,0,0,1
2003-07,76.0,1,0,0,1
2003-06,82.0,1,0,0,1
2003-05,65.0,1,0,0,1
2003-04,50.0,1,0,0,1
2003-03,53.0,1,0,0,1
2003-02,44.0,1,0,0,1
2003-01,55.0,1,0,0,1
2004-12,52.0,1,0,0,1
2004-11,51.0,1,0,0,1
2004-10,68.0,1,0,0,1
2004-09,79.0,1,0,0,1
2004-08,58.0,1,0,0,1
2004-07,67.0,1,0,0,1
2004-06,58.0,1,0,0,1
2004-05,55.0,1,0,0,1
2004-04,37.0,1,0,0,1
2004-03,44.0,1,0,0,1
2004-02,48.0,1,0,0,1
2004-01,42.0,1,0,0,1
2005-12,41.0,1,0,0,1
2005-11,42.0,1,0,0,1
2005-10,57.0,1,0,0,1
2005-09,76.0,1,0,0,1
2005-08,48.0,1,0,0,1
2005-07,63.0,1,0,0,1
2005-06,57.0,1,0,0,1
2005-05,48.0,1,0,0,1
2005-04,40.0,1,0,0,1
2005-03,40.0,1,0,0,1
2005-02,40.0,1,0,0,1
2005-01,48.0,1,0,0,1
2006-12,52.0,1,0,0,1
2006-11,48.0,1,0,0,1
2006-10,45.0,1,0,0,1
2006-09,64.0,1,0,0,1
2006-08,48.0,1,0,0,1
2006-07,64.0,1,0,0,1
2006-06,51.0,1,0,0,1
2006-05,53.0,1,0,0,1
2006-04,40.0,1,0,0,1
2006-03,40.0,1,0,0,1
2006-02,50.0,1,0,0,1
2006-01,44.0,1,0,0,1
2007-12,37.0,1,0,0,1
2007-11,36.0,1,0,0,1
2007-10,55.0,1,0,0,1
2007-09,54.0,1,0,0,1
2007-08,44.0,1,0,0,1
2007-07,65.0,1,0,0,1
2007-06,51.0,1,0,0,1
2007-05,63.0,1,0,0,1
2007-04,49.0,1,0,0,1
2007-03,38.0,1,0,0,1
2007-02,32.0,1,0,0,1
2007-01,36.0,1,0,0,1
2008-12,35.0,1,0,0,1
2008-11,27.0,1,0,0,1
2008-10,45.0,1,0,0,1
2008-09,49.0,1,0,0,1
2008-08,44.0,1,0,0,1
2008-07,52.0,1,0,0,1
2008-06,56.0,1,0,0,1
2008-05,57.0,1,0,0,1
2008-04,25.0,1,0,0,1
2008-03,30.0,1,0,0,1
2008-02,30.0,1,0,0,1
2008-01,32.0,1,0,0,1
2009-12,34.0,1,0,0,1
2009-11,31.0,1,0,0,1
2009-10,35.0,1,0,0,1
2009-09,49.0,1,0,0,1
2009-08,35.0,1,0,0,1
2009-07,44.0,1,0,0,1
2009-06,31.0,1,0,0,1
2009-05,57.0,1,0,0,1
2009-04,45.0,1,0,0,1
2009-03,14.0,1,0,0,1
2009-02,32.0,1,0,0,1
2009-01,23.0,1,0,0,1
2010-12,26.0,1,0,0,1
2010-11,28.0,1,0,0,1
2010-10,27.0,1,0,0,1
2010-09,54.0,1,0,0,1
2010-08,40.0,1,0,0,1
2010-07,48.0,1,0,0,1
2010-06,39.0,1,0,0,1
2010-05,34.0,1,0,0,1
2010-04,33.0,1,0,0,1
2010-03,31.0,1,0,0,1
2010-02,23.0,1,0,0,1
2010-01,19.0,1,0,0,1
2011-12,37.0,1,0,0,1
2011-11,40.0,1,0,0,1
2011-10,26.0,1,0,0,1
2011-09,36.0,1,0,0,1
2011-08,34.0,1,0,0,1
2011-07,39.0,1,0,0,1
2011-06,27.0,1,0,0,1
2011-05,43.0,1,0,0,1
2011-04,43.0,1,0,0,1
2011-03,22.0,1,0,0,1
2011-02,25.0,1,0,0,1
2011-01,25.0,1,0,0,1
2012-12,27.0,1,0,0,1
2012-11,30.0,1,0,0,1
2012-10,32.0,1,0,0,1
2012-09,49.0,1,0,0,1
2012-08,55.0,1,0,0,1
2012-07,56.0,1,0,0,1
2012-06,43.0,1,0,0,1
2012-05,54.0,1,0,0,1
2012-04,34.0,1,0,0,1
2012-03,21.0,1,0,0,1
2012-02,18.0,1,0,0,1
2012-01,21.0,1,0,0,1
2013-12,32.0,1,0,0,1
2013-11,35.0,1,0,0,1
2013-10,31.0,1,0,0,1
2013-09,47.0,1,0,0,1
2013-08,39.0,1,0,0,1
2013-07,42.0,1,0,0,1
2013-06,37.0,1,0,0,1
2013-05,33.0,1,0,0,1
2013-04,28.0,1,0,0,1
2013-03,21.0,1,0,0,1
2013-02,15.0,1,0,0,1
2013-01,17.0,1,0,0,1
2014-12,25.0,1,0,0,1
2014-11,42.0,1,0,0,1
2014-10,36.0,1,0,0,1
2014-09,43.0,1,0,0,1
2014-08,32.0,1,0,0,1
2014-07,35.0,1,0,0,1
2014-06,31.0,1,0,0,1
2014-05,28.0,1,0,0,1
2014-04,35.0,1,0,0,1
2014-03,37.0,1,0,0,1
2014-02,17.0,1,0,0,1
2014-01,21.0,1,0,0,1
2015-12,27.0,1,0,0,1
2015-11,30.0,1,0,0,1
2015-10,25.0,1,0,0,1
2015-09,45.0,1,0,0,1
2015-08,49.0,1,0,0,1
2015-07,49.0,1,0,0,1
2015-06,39.0,1,0,0,1
2015-05,50.0,1,0,0,1
2015-04,29.0,1,0,0,1
2015-03,23.0,1,0,0,1
2015-02,23.0,1,0,0,1
2015-01,22.0,1,0,0,1
2016-12,20.0,1,0,0,1
2016-11,20.0,1,0,0,1
2016-10,30.0,1,0,0,1
2016-09,29.0,1,0,0,1
2016-08,34.0,1,0,0,1
2016-07,35.0,1,0,0,1
2016-06,30.0,1,0,0,1
2016-05,25.0,1,0,0,1
2016-04,27.0,1,0,0,1
2016-03,20.0,1,0,0,1
2016-02,10.0,1,0,0,1
2016-01,21.0,1,0,0,1
2017-12,42.0,1,0,0,1
2017-11,33.0,1,0,0,1
2017-10,32.0,1,0,0,1
2017-09,47.0,1,0,0,1
2017-08,30.0,1,0,0,1
2017-07,52.0,1,0,0,1
2017-06,41.0,1,0,0,1
2017-05,29.0,1,0,0,1
2017-04,26.0,1,0,0,1
2017-03,36.0,1,0,0,1
2017-02,22.0,1,0,0,1
2017-01,19.0,1,0,0,1
2018-12,21.0,1,0,0,1
2018-11,31.0,1,0,0,1
2018-10,43.0,1,0,0,1
2018-09,36.0,1,0,0,1
2018-08,40.0,1,0,0,1
2018-07,51.0,1,0,0,1
2018-06,39.0,1,0,0,1
2018-05,34.0,1,0,0,1
2018-04,25.0,1,0,0,1
2018-03,32.0,1,0,0,1
2018-02,24.0,1,0,0,1
2018-01,22.0,1,0,0,1
2019-12,35.0,1,0,0,1
2019-11,29.0,1,0,0,1
2019-10,45.0,1,0,0,1
2019-09,47.0,1,0,0,1
2019-08,31.0,1,0,0,1
2019-07,48.0,1,0,0,1
2019-06,40.0,1,0,0,1
2019-05,39.0,1,0,0,1
2019-04,36.0,1,0,0,1
2019-03,34.0,1,0,0,1
2019-02,28.0,1,0,0,1
2019-01,22.0,1,0,0,1
2020-12,13.0,1,0,0,1
2020-11,23.0,1,0,0,1
2020-10,34.0,1,0,0,1
2020-09,46.0,1,0,0,1
2020-08,46.0,1,0,0,1
2020-07,58.0,1,0,0,1
2020-06,49.0,1,0,0,1
2020-05,40.0,1,0,0,1
2020-04,26.0,1,0,0,1
2020-03,27.0,1,0,0,1
2020-02,40.0,1,0,0,1
2020-01,28.0,1,0,0,1
